class index,filepaths,labels,data set
0,train/Dark/dark (1).png,Dark,train
0,train/Dark/dark (10).png,Dark,train
0,train/Dark/dark (100).png,Dark,train
0,train/Dark/dark (101).png,Dark,train
0,train/Dark/dark (102).png,Dark,train
0,train/Dark/dark (103).png,Dark,train
0,train/Dark/dark (104).png,Dark,train
0,train/Dark/dark (105).png,Dark,train
0,train/Dark/dark (106).png,Dark,train
0,train/Dark/dark (107).png,Dark,train
0,train/Dark/dark (108).png,Dark,train
0,train/Dark/dark (109).png,Dark,train
0,train/Dark/dark (11).png,Dark,train
0,train/Dark/dark (110).png,Dark,train
0,train/Dark/dark (111).png,Dark,train
0,train/Dark/dark (112).png,Dark,train
0,train/Dark/dark (113).png,Dark,train
0,train/Dark/dark (114).png,Dark,train
0,train/Dark/dark (115).png,Dark,train
0,train/Dark/dark (116).png,Dark,train
0,train/Dark/dark (117).png,Dark,train
0,train/Dark/dark (118).png,Dark,train
0,train/Dark/dark (119).png,Dark,train
0,train/Dark/dark (12).png,Dark,train
0,train/Dark/dark (120).png,Dark,train
0,train/Dark/dark (121).png,Dark,train
0,train/Dark/dark (122).png,Dark,train
0,train/Dark/dark (123).png,Dark,train
0,train/Dark/dark (124).png,Dark,train
0,train/Dark/dark (125).png,Dark,train
0,train/Dark/dark (126).png,Dark,train
0,train/Dark/dark (127).png,Dark,train
0,train/Dark/dark (128).png,Dark,train
0,train/Dark/dark (129).png,Dark,train
0,train/Dark/dark (13).png,Dark,train
0,train/Dark/dark (130).png,Dark,train
0,train/Dark/dark (131).png,Dark,train
0,train/Dark/dark (132).png,Dark,train
0,train/Dark/dark (133).png,Dark,train
0,train/Dark/dark (134).png,Dark,train
0,train/Dark/dark (135).png,Dark,train
0,train/Dark/dark (136).png,Dark,train
0,train/Dark/dark (137).png,Dark,train
0,train/Dark/dark (138).png,Dark,train
0,train/Dark/dark (139).png,Dark,train
0,train/Dark/dark (14).png,Dark,train
0,train/Dark/dark (140).png,Dark,train
0,train/Dark/dark (141).png,Dark,train
0,train/Dark/dark (142).png,Dark,train
0,train/Dark/dark (143).png,Dark,train
0,train/Dark/dark (144).png,Dark,train
0,train/Dark/dark (145).png,Dark,train
0,train/Dark/dark (146).png,Dark,train
0,train/Dark/dark (147).png,Dark,train
0,train/Dark/dark (148).png,Dark,train
0,train/Dark/dark (149).png,Dark,train
0,train/Dark/dark (15).png,Dark,train
0,train/Dark/dark (150).png,Dark,train
0,train/Dark/dark (151).png,Dark,train
0,train/Dark/dark (152).png,Dark,train
0,train/Dark/dark (153).png,Dark,train
0,train/Dark/dark (154).png,Dark,train
0,train/Dark/dark (155).png,Dark,train
0,train/Dark/dark (156).png,Dark,train
0,train/Dark/dark (157).png,Dark,train
0,train/Dark/dark (158).png,Dark,train
0,train/Dark/dark (159).png,Dark,train
0,train/Dark/dark (16).png,Dark,train
0,train/Dark/dark (160).png,Dark,train
0,train/Dark/dark (161).png,Dark,train
0,train/Dark/dark (162).png,Dark,train
0,train/Dark/dark (163).png,Dark,train
0,train/Dark/dark (164).png,Dark,train
0,train/Dark/dark (165).png,Dark,train
0,train/Dark/dark (166).png,Dark,train
0,train/Dark/dark (167).png,Dark,train
0,train/Dark/dark (168).png,Dark,train
0,train/Dark/dark (169).png,Dark,train
0,train/Dark/dark (17).png,Dark,train
0,train/Dark/dark (170).png,Dark,train
0,train/Dark/dark (171).png,Dark,train
0,train/Dark/dark (172).png,Dark,train
0,train/Dark/dark (173).png,Dark,train
0,train/Dark/dark (174).png,Dark,train
0,train/Dark/dark (175).png,Dark,train
0,train/Dark/dark (176).png,Dark,train
0,train/Dark/dark (177).png,Dark,train
0,train/Dark/dark (178).png,Dark,train
0,train/Dark/dark (179).png,Dark,train
0,train/Dark/dark (18).png,Dark,train
0,train/Dark/dark (180).png,Dark,train
0,train/Dark/dark (181).png,Dark,train
0,train/Dark/dark (182).png,Dark,train
0,train/Dark/dark (183).png,Dark,train
0,train/Dark/dark (184).png,Dark,train
0,train/Dark/dark (185).png,Dark,train
0,train/Dark/dark (186).png,Dark,train
0,train/Dark/dark (187).png,Dark,train
0,train/Dark/dark (188).png,Dark,train
0,train/Dark/dark (189).png,Dark,train
0,train/Dark/dark (19).png,Dark,train
0,train/Dark/dark (190).png,Dark,train
0,train/Dark/dark (191).png,Dark,train
0,train/Dark/dark (192).png,Dark,train
0,train/Dark/dark (193).png,Dark,train
0,train/Dark/dark (194).png,Dark,train
0,train/Dark/dark (195).png,Dark,train
0,train/Dark/dark (196).png,Dark,train
0,train/Dark/dark (197).png,Dark,train
0,train/Dark/dark (198).png,Dark,train
0,train/Dark/dark (199).png,Dark,train
0,train/Dark/dark (2).png,Dark,train
0,train/Dark/dark (20).png,Dark,train
0,train/Dark/dark (200).png,Dark,train
0,train/Dark/dark (201).png,Dark,train
0,train/Dark/dark (202).png,Dark,train
0,train/Dark/dark (203).png,Dark,train
0,train/Dark/dark (204).png,Dark,train
0,train/Dark/dark (205).png,Dark,train
0,train/Dark/dark (206).png,Dark,train
0,train/Dark/dark (207).png,Dark,train
0,train/Dark/dark (208).png,Dark,train
0,train/Dark/dark (209).png,Dark,train
0,train/Dark/dark (21).png,Dark,train
0,train/Dark/dark (210).png,Dark,train
0,train/Dark/dark (211).png,Dark,train
0,train/Dark/dark (212).png,Dark,train
0,train/Dark/dark (213).png,Dark,train
0,train/Dark/dark (214).png,Dark,train
0,train/Dark/dark (215).png,Dark,train
0,train/Dark/dark (216).png,Dark,train
0,train/Dark/dark (217).png,Dark,train
0,train/Dark/dark (218).png,Dark,train
0,train/Dark/dark (219).png,Dark,train
0,train/Dark/dark (22).png,Dark,train
0,train/Dark/dark (220).png,Dark,train
0,train/Dark/dark (221).png,Dark,train
0,train/Dark/dark (222).png,Dark,train
0,train/Dark/dark (223).png,Dark,train
0,train/Dark/dark (224).png,Dark,train
0,train/Dark/dark (225).png,Dark,train
0,train/Dark/dark (226).png,Dark,train
0,train/Dark/dark (227).png,Dark,train
0,train/Dark/dark (228).png,Dark,train
0,train/Dark/dark (229).png,Dark,train
0,train/Dark/dark (23).png,Dark,train
0,train/Dark/dark (230).png,Dark,train
0,train/Dark/dark (231).png,Dark,train
0,train/Dark/dark (232).png,Dark,train
0,train/Dark/dark (233).png,Dark,train
0,train/Dark/dark (234).png,Dark,train
0,train/Dark/dark (235).png,Dark,train
0,train/Dark/dark (236).png,Dark,train
0,train/Dark/dark (237).png,Dark,train
0,train/Dark/dark (238).png,Dark,train
0,train/Dark/dark (239).png,Dark,train
0,train/Dark/dark (24).png,Dark,train
0,train/Dark/dark (240).png,Dark,train
0,train/Dark/dark (241).png,Dark,train
0,train/Dark/dark (242).png,Dark,train
0,train/Dark/dark (243).png,Dark,train
0,train/Dark/dark (244).png,Dark,train
0,train/Dark/dark (245).png,Dark,train
0,train/Dark/dark (246).png,Dark,train
0,train/Dark/dark (247).png,Dark,train
0,train/Dark/dark (248).png,Dark,train
0,train/Dark/dark (249).png,Dark,train
0,train/Dark/dark (25).png,Dark,train
0,train/Dark/dark (250).png,Dark,train
0,train/Dark/dark (251).png,Dark,train
0,train/Dark/dark (252).png,Dark,train
0,train/Dark/dark (253).png,Dark,train
0,train/Dark/dark (254).png,Dark,train
0,train/Dark/dark (255).png,Dark,train
0,train/Dark/dark (256).png,Dark,train
0,train/Dark/dark (257).png,Dark,train
0,train/Dark/dark (258).png,Dark,train
0,train/Dark/dark (259).png,Dark,train
0,train/Dark/dark (26).png,Dark,train
0,train/Dark/dark (260).png,Dark,train
0,train/Dark/dark (261).png,Dark,train
0,train/Dark/dark (262).png,Dark,train
0,train/Dark/dark (263).png,Dark,train
0,train/Dark/dark (264).png,Dark,train
0,train/Dark/dark (265).png,Dark,train
0,train/Dark/dark (266).png,Dark,train
0,train/Dark/dark (267).png,Dark,train
0,train/Dark/dark (268).png,Dark,train
0,train/Dark/dark (269).png,Dark,train
0,train/Dark/dark (27).png,Dark,train
0,train/Dark/dark (270).png,Dark,train
0,train/Dark/dark (271).png,Dark,train
0,train/Dark/dark (272).png,Dark,train
0,train/Dark/dark (273).png,Dark,train
0,train/Dark/dark (274).png,Dark,train
0,train/Dark/dark (275).png,Dark,train
0,train/Dark/dark (276).png,Dark,train
0,train/Dark/dark (277).png,Dark,train
0,train/Dark/dark (278).png,Dark,train
0,train/Dark/dark (279).png,Dark,train
0,train/Dark/dark (28).png,Dark,train
0,train/Dark/dark (280).png,Dark,train
0,train/Dark/dark (281).png,Dark,train
0,train/Dark/dark (282).png,Dark,train
0,train/Dark/dark (283).png,Dark,train
0,train/Dark/dark (284).png,Dark,train
0,train/Dark/dark (285).png,Dark,train
0,train/Dark/dark (286).png,Dark,train
0,train/Dark/dark (287).png,Dark,train
0,train/Dark/dark (288).png,Dark,train
0,train/Dark/dark (289).png,Dark,train
0,train/Dark/dark (29).png,Dark,train
0,train/Dark/dark (290).png,Dark,train
0,train/Dark/dark (291).png,Dark,train
0,train/Dark/dark (292).png,Dark,train
0,train/Dark/dark (293).png,Dark,train
0,train/Dark/dark (294).png,Dark,train
0,train/Dark/dark (295).png,Dark,train
0,train/Dark/dark (296).png,Dark,train
0,train/Dark/dark (297).png,Dark,train
0,train/Dark/dark (298).png,Dark,train
0,train/Dark/dark (299).png,Dark,train
0,train/Dark/dark (3).png,Dark,train
0,train/Dark/dark (30).png,Dark,train
0,train/Dark/dark (300).png,Dark,train
0,train/Dark/dark (31).png,Dark,train
0,train/Dark/dark (32).png,Dark,train
0,train/Dark/dark (33).png,Dark,train
0,train/Dark/dark (34).png,Dark,train
0,train/Dark/dark (35).png,Dark,train
0,train/Dark/dark (36).png,Dark,train
0,train/Dark/dark (37).png,Dark,train
0,train/Dark/dark (38).png,Dark,train
0,train/Dark/dark (39).png,Dark,train
0,train/Dark/dark (4).png,Dark,train
0,train/Dark/dark (40).png,Dark,train
0,train/Dark/dark (41).png,Dark,train
0,train/Dark/dark (42).png,Dark,train
0,train/Dark/dark (43).png,Dark,train
0,train/Dark/dark (44).png,Dark,train
0,train/Dark/dark (45).png,Dark,train
0,train/Dark/dark (46).png,Dark,train
0,train/Dark/dark (47).png,Dark,train
0,train/Dark/dark (48).png,Dark,train
0,train/Dark/dark (49).png,Dark,train
0,train/Dark/dark (5).png,Dark,train
0,train/Dark/dark (50).png,Dark,train
0,train/Dark/dark (51).png,Dark,train
0,train/Dark/dark (52).png,Dark,train
0,train/Dark/dark (53).png,Dark,train
0,train/Dark/dark (54).png,Dark,train
0,train/Dark/dark (55).png,Dark,train
0,train/Dark/dark (56).png,Dark,train
0,train/Dark/dark (57).png,Dark,train
0,train/Dark/dark (58).png,Dark,train
0,train/Dark/dark (59).png,Dark,train
0,train/Dark/dark (6).png,Dark,train
0,train/Dark/dark (60).png,Dark,train
0,train/Dark/dark (61).png,Dark,train
0,train/Dark/dark (62).png,Dark,train
0,train/Dark/dark (63).png,Dark,train
0,train/Dark/dark (64).png,Dark,train
0,train/Dark/dark (65).png,Dark,train
0,train/Dark/dark (66).png,Dark,train
0,train/Dark/dark (67).png,Dark,train
0,train/Dark/dark (68).png,Dark,train
0,train/Dark/dark (69).png,Dark,train
0,train/Dark/dark (7).png,Dark,train
0,train/Dark/dark (70).png,Dark,train
0,train/Dark/dark (71).png,Dark,train
0,train/Dark/dark (72).png,Dark,train
0,train/Dark/dark (73).png,Dark,train
0,train/Dark/dark (74).png,Dark,train
0,train/Dark/dark (75).png,Dark,train
0,train/Dark/dark (76).png,Dark,train
0,train/Dark/dark (77).png,Dark,train
0,train/Dark/dark (78).png,Dark,train
0,train/Dark/dark (79).png,Dark,train
0,train/Dark/dark (8).png,Dark,train
0,train/Dark/dark (80).png,Dark,train
0,train/Dark/dark (81).png,Dark,train
0,train/Dark/dark (82).png,Dark,train
0,train/Dark/dark (83).png,Dark,train
0,train/Dark/dark (84).png,Dark,train
0,train/Dark/dark (85).png,Dark,train
0,train/Dark/dark (86).png,Dark,train
0,train/Dark/dark (87).png,Dark,train
0,train/Dark/dark (88).png,Dark,train
0,train/Dark/dark (89).png,Dark,train
0,train/Dark/dark (9).png,Dark,train
0,train/Dark/dark (90).png,Dark,train
0,train/Dark/dark (91).png,Dark,train
0,train/Dark/dark (92).png,Dark,train
0,train/Dark/dark (93).png,Dark,train
0,train/Dark/dark (94).png,Dark,train
0,train/Dark/dark (95).png,Dark,train
0,train/Dark/dark (96).png,Dark,train
0,train/Dark/dark (97).png,Dark,train
0,train/Dark/dark (98).png,Dark,train
0,train/Dark/dark (99).png,Dark,train
1,train/Green/green (1).png,Green,train
1,train/Green/green (10).png,Green,train
1,train/Green/green (100).png,Green,train
1,train/Green/green (101).png,Green,train
1,train/Green/green (102).png,Green,train
1,train/Green/green (103).png,Green,train
1,train/Green/green (104).png,Green,train
1,train/Green/green (105).png,Green,train
1,train/Green/green (106).png,Green,train
1,train/Green/green (107).png,Green,train
1,train/Green/green (108).png,Green,train
1,train/Green/green (109).png,Green,train
1,train/Green/green (11).png,Green,train
1,train/Green/green (110).png,Green,train
1,train/Green/green (111).png,Green,train
1,train/Green/green (112).png,Green,train
1,train/Green/green (113).png,Green,train
1,train/Green/green (114).png,Green,train
1,train/Green/green (115).png,Green,train
1,train/Green/green (116).png,Green,train
1,train/Green/green (117).png,Green,train
1,train/Green/green (118).png,Green,train
1,train/Green/green (119).png,Green,train
1,train/Green/green (12).png,Green,train
1,train/Green/green (120).png,Green,train
1,train/Green/green (121).png,Green,train
1,train/Green/green (122).png,Green,train
1,train/Green/green (123).png,Green,train
1,train/Green/green (124).png,Green,train
1,train/Green/green (125).png,Green,train
1,train/Green/green (126).png,Green,train
1,train/Green/green (127).png,Green,train
1,train/Green/green (128).png,Green,train
1,train/Green/green (129).png,Green,train
1,train/Green/green (13).png,Green,train
1,train/Green/green (130).png,Green,train
1,train/Green/green (131).png,Green,train
1,train/Green/green (132).png,Green,train
1,train/Green/green (133).png,Green,train
1,train/Green/green (134).png,Green,train
1,train/Green/green (135).png,Green,train
1,train/Green/green (136).png,Green,train
1,train/Green/green (137).png,Green,train
1,train/Green/green (138).png,Green,train
1,train/Green/green (139).png,Green,train
1,train/Green/green (14).png,Green,train
1,train/Green/green (140).png,Green,train
1,train/Green/green (141).png,Green,train
1,train/Green/green (142).png,Green,train
1,train/Green/green (143).png,Green,train
1,train/Green/green (144).png,Green,train
1,train/Green/green (145).png,Green,train
1,train/Green/green (146).png,Green,train
1,train/Green/green (147).png,Green,train
1,train/Green/green (148).png,Green,train
1,train/Green/green (149).png,Green,train
1,train/Green/green (15).png,Green,train
1,train/Green/green (150).png,Green,train
1,train/Green/green (151).png,Green,train
1,train/Green/green (152).png,Green,train
1,train/Green/green (153).png,Green,train
1,train/Green/green (154).png,Green,train
1,train/Green/green (155).png,Green,train
1,train/Green/green (156).png,Green,train
1,train/Green/green (157).png,Green,train
1,train/Green/green (158).png,Green,train
1,train/Green/green (159).png,Green,train
1,train/Green/green (16).png,Green,train
1,train/Green/green (160).png,Green,train
1,train/Green/green (161).png,Green,train
1,train/Green/green (162).png,Green,train
1,train/Green/green (163).png,Green,train
1,train/Green/green (164).png,Green,train
1,train/Green/green (165).png,Green,train
1,train/Green/green (166).png,Green,train
1,train/Green/green (167).png,Green,train
1,train/Green/green (168).png,Green,train
1,train/Green/green (169).png,Green,train
1,train/Green/green (17).png,Green,train
1,train/Green/green (170).png,Green,train
1,train/Green/green (171).png,Green,train
1,train/Green/green (172).png,Green,train
1,train/Green/green (173).png,Green,train
1,train/Green/green (174).png,Green,train
1,train/Green/green (175).png,Green,train
1,train/Green/green (176).png,Green,train
1,train/Green/green (177).png,Green,train
1,train/Green/green (178).png,Green,train
1,train/Green/green (179).png,Green,train
1,train/Green/green (18).png,Green,train
1,train/Green/green (180).png,Green,train
1,train/Green/green (181).png,Green,train
1,train/Green/green (182).png,Green,train
1,train/Green/green (183).png,Green,train
1,train/Green/green (184).png,Green,train
1,train/Green/green (185).png,Green,train
1,train/Green/green (186).png,Green,train
1,train/Green/green (187).png,Green,train
1,train/Green/green (188).png,Green,train
1,train/Green/green (189).png,Green,train
1,train/Green/green (19).png,Green,train
1,train/Green/green (190).png,Green,train
1,train/Green/green (191).png,Green,train
1,train/Green/green (192).png,Green,train
1,train/Green/green (193).png,Green,train
1,train/Green/green (194).png,Green,train
1,train/Green/green (195).png,Green,train
1,train/Green/green (196).png,Green,train
1,train/Green/green (197).png,Green,train
1,train/Green/green (198).png,Green,train
1,train/Green/green (199).png,Green,train
1,train/Green/green (2).png,Green,train
1,train/Green/green (20).png,Green,train
1,train/Green/green (200).png,Green,train
1,train/Green/green (201).png,Green,train
1,train/Green/green (202).png,Green,train
1,train/Green/green (203).png,Green,train
1,train/Green/green (204).png,Green,train
1,train/Green/green (205).png,Green,train
1,train/Green/green (206).png,Green,train
1,train/Green/green (207).png,Green,train
1,train/Green/green (208).png,Green,train
1,train/Green/green (209).png,Green,train
1,train/Green/green (21).png,Green,train
1,train/Green/green (210).png,Green,train
1,train/Green/green (211).png,Green,train
1,train/Green/green (212).png,Green,train
1,train/Green/green (213).png,Green,train
1,train/Green/green (214).png,Green,train
1,train/Green/green (215).png,Green,train
1,train/Green/green (216).png,Green,train
1,train/Green/green (217).png,Green,train
1,train/Green/green (218).png,Green,train
1,train/Green/green (219).png,Green,train
1,train/Green/green (22).png,Green,train
1,train/Green/green (220).png,Green,train
1,train/Green/green (221).png,Green,train
1,train/Green/green (222).png,Green,train
1,train/Green/green (223).png,Green,train
1,train/Green/green (224).png,Green,train
1,train/Green/green (225).png,Green,train
1,train/Green/green (226).png,Green,train
1,train/Green/green (227).png,Green,train
1,train/Green/green (228).png,Green,train
1,train/Green/green (229).png,Green,train
1,train/Green/green (23).png,Green,train
1,train/Green/green (230).png,Green,train
1,train/Green/green (231).png,Green,train
1,train/Green/green (232).png,Green,train
1,train/Green/green (233).png,Green,train
1,train/Green/green (234).png,Green,train
1,train/Green/green (235).png,Green,train
1,train/Green/green (236).png,Green,train
1,train/Green/green (237).png,Green,train
1,train/Green/green (238).png,Green,train
1,train/Green/green (239).png,Green,train
1,train/Green/green (24).png,Green,train
1,train/Green/green (240).png,Green,train
1,train/Green/green (241).png,Green,train
1,train/Green/green (242).png,Green,train
1,train/Green/green (243).png,Green,train
1,train/Green/green (244).png,Green,train
1,train/Green/green (245).png,Green,train
1,train/Green/green (246).png,Green,train
1,train/Green/green (247).png,Green,train
1,train/Green/green (248).png,Green,train
1,train/Green/green (249).png,Green,train
1,train/Green/green (25).png,Green,train
1,train/Green/green (250).png,Green,train
1,train/Green/green (251).png,Green,train
1,train/Green/green (252).png,Green,train
1,train/Green/green (253).png,Green,train
1,train/Green/green (254).png,Green,train
1,train/Green/green (255).png,Green,train
1,train/Green/green (256).png,Green,train
1,train/Green/green (257).png,Green,train
1,train/Green/green (258).png,Green,train
1,train/Green/green (259).png,Green,train
1,train/Green/green (26).png,Green,train
1,train/Green/green (260).png,Green,train
1,train/Green/green (261).png,Green,train
1,train/Green/green (262).png,Green,train
1,train/Green/green (263).png,Green,train
1,train/Green/green (264).png,Green,train
1,train/Green/green (265).png,Green,train
1,train/Green/green (266).png,Green,train
1,train/Green/green (267).png,Green,train
1,train/Green/green (268).png,Green,train
1,train/Green/green (269).png,Green,train
1,train/Green/green (27).png,Green,train
1,train/Green/green (270).png,Green,train
1,train/Green/green (271).png,Green,train
1,train/Green/green (272).png,Green,train
1,train/Green/green (273).png,Green,train
1,train/Green/green (274).png,Green,train
1,train/Green/green (275).png,Green,train
1,train/Green/green (276).png,Green,train
1,train/Green/green (277).png,Green,train
1,train/Green/green (278).png,Green,train
1,train/Green/green (279).png,Green,train
1,train/Green/green (28).png,Green,train
1,train/Green/green (280).png,Green,train
1,train/Green/green (281).png,Green,train
1,train/Green/green (282).png,Green,train
1,train/Green/green (283).png,Green,train
1,train/Green/green (284).png,Green,train
1,train/Green/green (285).png,Green,train
1,train/Green/green (286).png,Green,train
1,train/Green/green (287).png,Green,train
1,train/Green/green (288).png,Green,train
1,train/Green/green (289).png,Green,train
1,train/Green/green (29).png,Green,train
1,train/Green/green (290).png,Green,train
1,train/Green/green (291).png,Green,train
1,train/Green/green (292).png,Green,train
1,train/Green/green (293).png,Green,train
1,train/Green/green (294).png,Green,train
1,train/Green/green (295).png,Green,train
1,train/Green/green (296).png,Green,train
1,train/Green/green (297).png,Green,train
1,train/Green/green (298).png,Green,train
1,train/Green/green (299).png,Green,train
1,train/Green/green (3).png,Green,train
1,train/Green/green (30).png,Green,train
1,train/Green/green (300).png,Green,train
1,train/Green/green (31).png,Green,train
1,train/Green/green (32).png,Green,train
1,train/Green/green (33).png,Green,train
1,train/Green/green (34).png,Green,train
1,train/Green/green (35).png,Green,train
1,train/Green/green (36).png,Green,train
1,train/Green/green (37).png,Green,train
1,train/Green/green (38).png,Green,train
1,train/Green/green (39).png,Green,train
1,train/Green/green (4).png,Green,train
1,train/Green/green (40).png,Green,train
1,train/Green/green (41).png,Green,train
1,train/Green/green (42).png,Green,train
1,train/Green/green (43).png,Green,train
1,train/Green/green (44).png,Green,train
1,train/Green/green (45).png,Green,train
1,train/Green/green (46).png,Green,train
1,train/Green/green (47).png,Green,train
1,train/Green/green (48).png,Green,train
1,train/Green/green (49).png,Green,train
1,train/Green/green (5).png,Green,train
1,train/Green/green (50).png,Green,train
1,train/Green/green (51).png,Green,train
1,train/Green/green (52).png,Green,train
1,train/Green/green (53).png,Green,train
1,train/Green/green (54).png,Green,train
1,train/Green/green (55).png,Green,train
1,train/Green/green (56).png,Green,train
1,train/Green/green (57).png,Green,train
1,train/Green/green (58).png,Green,train
1,train/Green/green (59).png,Green,train
1,train/Green/green (6).png,Green,train
1,train/Green/green (60).png,Green,train
1,train/Green/green (61).png,Green,train
1,train/Green/green (62).png,Green,train
1,train/Green/green (63).png,Green,train
1,train/Green/green (64).png,Green,train
1,train/Green/green (65).png,Green,train
1,train/Green/green (66).png,Green,train
1,train/Green/green (67).png,Green,train
1,train/Green/green (68).png,Green,train
1,train/Green/green (69).png,Green,train
1,train/Green/green (7).png,Green,train
1,train/Green/green (70).png,Green,train
1,train/Green/green (71).png,Green,train
1,train/Green/green (72).png,Green,train
1,train/Green/green (73).png,Green,train
1,train/Green/green (74).png,Green,train
1,train/Green/green (75).png,Green,train
1,train/Green/green (76).png,Green,train
1,train/Green/green (77).png,Green,train
1,train/Green/green (78).png,Green,train
1,train/Green/green (79).png,Green,train
1,train/Green/green (8).png,Green,train
1,train/Green/green (80).png,Green,train
1,train/Green/green (81).png,Green,train
1,train/Green/green (82).png,Green,train
1,train/Green/green (83).png,Green,train
1,train/Green/green (84).png,Green,train
1,train/Green/green (85).png,Green,train
1,train/Green/green (86).png,Green,train
1,train/Green/green (87).png,Green,train
1,train/Green/green (88).png,Green,train
1,train/Green/green (89).png,Green,train
1,train/Green/green (9).png,Green,train
1,train/Green/green (90).png,Green,train
1,train/Green/green (91).png,Green,train
1,train/Green/green (92).png,Green,train
1,train/Green/green (93).png,Green,train
1,train/Green/green (94).png,Green,train
1,train/Green/green (95).png,Green,train
1,train/Green/green (96).png,Green,train
1,train/Green/green (97).png,Green,train
1,train/Green/green (98).png,Green,train
1,train/Green/green (99).png,Green,train
2,train/Light/light (1).png,Light,train
2,train/Light/light (10).png,Light,train
2,train/Light/light (100).png,Light,train
2,train/Light/light (101).png,Light,train
2,train/Light/light (102).png,Light,train
2,train/Light/light (103).png,Light,train
2,train/Light/light (104).png,Light,train
2,train/Light/light (105).png,Light,train
2,train/Light/light (106).png,Light,train
2,train/Light/light (107).png,Light,train
2,train/Light/light (108).png,Light,train
2,train/Light/light (109).png,Light,train
2,train/Light/light (11).png,Light,train
2,train/Light/light (110).png,Light,train
2,train/Light/light (111).png,Light,train
2,train/Light/light (112).png,Light,train
2,train/Light/light (113).png,Light,train
2,train/Light/light (114).png,Light,train
2,train/Light/light (115).png,Light,train
2,train/Light/light (116).png,Light,train
2,train/Light/light (117).png,Light,train
2,train/Light/light (118).png,Light,train
2,train/Light/light (119).png,Light,train
2,train/Light/light (12).png,Light,train
2,train/Light/light (120).png,Light,train
2,train/Light/light (121).png,Light,train
2,train/Light/light (122).png,Light,train
2,train/Light/light (123).png,Light,train
2,train/Light/light (124).png,Light,train
2,train/Light/light (125).png,Light,train
2,train/Light/light (126).png,Light,train
2,train/Light/light (127).png,Light,train
2,train/Light/light (128).png,Light,train
2,train/Light/light (129).png,Light,train
2,train/Light/light (13).png,Light,train
2,train/Light/light (130).png,Light,train
2,train/Light/light (131).png,Light,train
2,train/Light/light (132).png,Light,train
2,train/Light/light (133).png,Light,train
2,train/Light/light (134).png,Light,train
2,train/Light/light (135).png,Light,train
2,train/Light/light (136).png,Light,train
2,train/Light/light (137).png,Light,train
2,train/Light/light (138).png,Light,train
2,train/Light/light (139).png,Light,train
2,train/Light/light (14).png,Light,train
2,train/Light/light (140).png,Light,train
2,train/Light/light (141).png,Light,train
2,train/Light/light (142).png,Light,train
2,train/Light/light (143).png,Light,train
2,train/Light/light (144).png,Light,train
2,train/Light/light (145).png,Light,train
2,train/Light/light (146).png,Light,train
2,train/Light/light (147).png,Light,train
2,train/Light/light (148).png,Light,train
2,train/Light/light (149).png,Light,train
2,train/Light/light (15).png,Light,train
2,train/Light/light (150).png,Light,train
2,train/Light/light (151).png,Light,train
2,train/Light/light (152).png,Light,train
2,train/Light/light (153).png,Light,train
2,train/Light/light (154).png,Light,train
2,train/Light/light (155).png,Light,train
2,train/Light/light (156).png,Light,train
2,train/Light/light (157).png,Light,train
2,train/Light/light (158).png,Light,train
2,train/Light/light (159).png,Light,train
2,train/Light/light (16).png,Light,train
2,train/Light/light (160).png,Light,train
2,train/Light/light (161).png,Light,train
2,train/Light/light (162).png,Light,train
2,train/Light/light (163).png,Light,train
2,train/Light/light (164).png,Light,train
2,train/Light/light (165).png,Light,train
2,train/Light/light (166).png,Light,train
2,train/Light/light (167).png,Light,train
2,train/Light/light (168).png,Light,train
2,train/Light/light (169).png,Light,train
2,train/Light/light (17).png,Light,train
2,train/Light/light (170).png,Light,train
2,train/Light/light (171).png,Light,train
2,train/Light/light (172).png,Light,train
2,train/Light/light (173).png,Light,train
2,train/Light/light (174).png,Light,train
2,train/Light/light (175).png,Light,train
2,train/Light/light (176).png,Light,train
2,train/Light/light (177).png,Light,train
2,train/Light/light (178).png,Light,train
2,train/Light/light (179).png,Light,train
2,train/Light/light (18).png,Light,train
2,train/Light/light (180).png,Light,train
2,train/Light/light (181).png,Light,train
2,train/Light/light (182).png,Light,train
2,train/Light/light (183).png,Light,train
2,train/Light/light (184).png,Light,train
2,train/Light/light (185).png,Light,train
2,train/Light/light (186).png,Light,train
2,train/Light/light (187).png,Light,train
2,train/Light/light (188).png,Light,train
2,train/Light/light (189).png,Light,train
2,train/Light/light (19).png,Light,train
2,train/Light/light (190).png,Light,train
2,train/Light/light (191).png,Light,train
2,train/Light/light (192).png,Light,train
2,train/Light/light (193).png,Light,train
2,train/Light/light (194).png,Light,train
2,train/Light/light (195).png,Light,train
2,train/Light/light (196).png,Light,train
2,train/Light/light (197).png,Light,train
2,train/Light/light (198).png,Light,train
2,train/Light/light (199).png,Light,train
2,train/Light/light (2).png,Light,train
2,train/Light/light (20).png,Light,train
2,train/Light/light (200).png,Light,train
2,train/Light/light (201).png,Light,train
2,train/Light/light (202).png,Light,train
2,train/Light/light (203).png,Light,train
2,train/Light/light (204).png,Light,train
2,train/Light/light (205).png,Light,train
2,train/Light/light (206).png,Light,train
2,train/Light/light (207).png,Light,train
2,train/Light/light (208).png,Light,train
2,train/Light/light (209).png,Light,train
2,train/Light/light (21).png,Light,train
2,train/Light/light (210).png,Light,train
2,train/Light/light (211).png,Light,train
2,train/Light/light (212).png,Light,train
2,train/Light/light (213).png,Light,train
2,train/Light/light (214).png,Light,train
2,train/Light/light (215).png,Light,train
2,train/Light/light (216).png,Light,train
2,train/Light/light (217).png,Light,train
2,train/Light/light (218).png,Light,train
2,train/Light/light (219).png,Light,train
2,train/Light/light (22).png,Light,train
2,train/Light/light (220).png,Light,train
2,train/Light/light (221).png,Light,train
2,train/Light/light (222).png,Light,train
2,train/Light/light (223).png,Light,train
2,train/Light/light (224).png,Light,train
2,train/Light/light (225).png,Light,train
2,train/Light/light (226).png,Light,train
2,train/Light/light (227).png,Light,train
2,train/Light/light (228).png,Light,train
2,train/Light/light (229).png,Light,train
2,train/Light/light (23).png,Light,train
2,train/Light/light (230).png,Light,train
2,train/Light/light (231).png,Light,train
2,train/Light/light (232).png,Light,train
2,train/Light/light (233).png,Light,train
2,train/Light/light (234).png,Light,train
2,train/Light/light (235).png,Light,train
2,train/Light/light (236).png,Light,train
2,train/Light/light (237).png,Light,train
2,train/Light/light (238).png,Light,train
2,train/Light/light (239).png,Light,train
2,train/Light/light (24).png,Light,train
2,train/Light/light (240).png,Light,train
2,train/Light/light (241).png,Light,train
2,train/Light/light (242).png,Light,train
2,train/Light/light (243).png,Light,train
2,train/Light/light (244).png,Light,train
2,train/Light/light (245).png,Light,train
2,train/Light/light (246).png,Light,train
2,train/Light/light (247).png,Light,train
2,train/Light/light (248).png,Light,train
2,train/Light/light (249).png,Light,train
2,train/Light/light (25).png,Light,train
2,train/Light/light (250).png,Light,train
2,train/Light/light (251).png,Light,train
2,train/Light/light (252).png,Light,train
2,train/Light/light (253).png,Light,train
2,train/Light/light (254).png,Light,train
2,train/Light/light (255).png,Light,train
2,train/Light/light (256).png,Light,train
2,train/Light/light (257).png,Light,train
2,train/Light/light (258).png,Light,train
2,train/Light/light (259).png,Light,train
2,train/Light/light (26).png,Light,train
2,train/Light/light (260).png,Light,train
2,train/Light/light (261).png,Light,train
2,train/Light/light (262).png,Light,train
2,train/Light/light (263).png,Light,train
2,train/Light/light (264).png,Light,train
2,train/Light/light (265).png,Light,train
2,train/Light/light (266).png,Light,train
2,train/Light/light (267).png,Light,train
2,train/Light/light (268).png,Light,train
2,train/Light/light (269).png,Light,train
2,train/Light/light (27).png,Light,train
2,train/Light/light (270).png,Light,train
2,train/Light/light (271).png,Light,train
2,train/Light/light (272).png,Light,train
2,train/Light/light (273).png,Light,train
2,train/Light/light (274).png,Light,train
2,train/Light/light (275).png,Light,train
2,train/Light/light (276).png,Light,train
2,train/Light/light (277).png,Light,train
2,train/Light/light (278).png,Light,train
2,train/Light/light (279).png,Light,train
2,train/Light/light (28).png,Light,train
2,train/Light/light (280).png,Light,train
2,train/Light/light (281).png,Light,train
2,train/Light/light (282).png,Light,train
2,train/Light/light (283).png,Light,train
2,train/Light/light (284).png,Light,train
2,train/Light/light (285).png,Light,train
2,train/Light/light (286).png,Light,train
2,train/Light/light (287).png,Light,train
2,train/Light/light (288).png,Light,train
2,train/Light/light (289).png,Light,train
2,train/Light/light (29).png,Light,train
2,train/Light/light (290).png,Light,train
2,train/Light/light (291).png,Light,train
2,train/Light/light (292).png,Light,train
2,train/Light/light (293).png,Light,train
2,train/Light/light (294).png,Light,train
2,train/Light/light (295).png,Light,train
2,train/Light/light (296).png,Light,train
2,train/Light/light (297).png,Light,train
2,train/Light/light (298).png,Light,train
2,train/Light/light (299).png,Light,train
2,train/Light/light (3).png,Light,train
2,train/Light/light (30).png,Light,train
2,train/Light/light (300).png,Light,train
2,train/Light/light (31).png,Light,train
2,train/Light/light (32).png,Light,train
2,train/Light/light (33).png,Light,train
2,train/Light/light (34).png,Light,train
2,train/Light/light (35).png,Light,train
2,train/Light/light (36).png,Light,train
2,train/Light/light (37).png,Light,train
2,train/Light/light (38).png,Light,train
2,train/Light/light (39).png,Light,train
2,train/Light/light (4).png,Light,train
2,train/Light/light (40).png,Light,train
2,train/Light/light (41).png,Light,train
2,train/Light/light (42).png,Light,train
2,train/Light/light (43).png,Light,train
2,train/Light/light (44).png,Light,train
2,train/Light/light (45).png,Light,train
2,train/Light/light (46).png,Light,train
2,train/Light/light (47).png,Light,train
2,train/Light/light (48).png,Light,train
2,train/Light/light (49).png,Light,train
2,train/Light/light (5).png,Light,train
2,train/Light/light (50).png,Light,train
2,train/Light/light (51).png,Light,train
2,train/Light/light (52).png,Light,train
2,train/Light/light (53).png,Light,train
2,train/Light/light (54).png,Light,train
2,train/Light/light (55).png,Light,train
2,train/Light/light (56).png,Light,train
2,train/Light/light (57).png,Light,train
2,train/Light/light (58).png,Light,train
2,train/Light/light (59).png,Light,train
2,train/Light/light (6).png,Light,train
2,train/Light/light (60).png,Light,train
2,train/Light/light (61).png,Light,train
2,train/Light/light (62).png,Light,train
2,train/Light/light (63).png,Light,train
2,train/Light/light (64).png,Light,train
2,train/Light/light (65).png,Light,train
2,train/Light/light (66).png,Light,train
2,train/Light/light (67).png,Light,train
2,train/Light/light (68).png,Light,train
2,train/Light/light (69).png,Light,train
2,train/Light/light (7).png,Light,train
2,train/Light/light (70).png,Light,train
2,train/Light/light (71).png,Light,train
2,train/Light/light (72).png,Light,train
2,train/Light/light (73).png,Light,train
2,train/Light/light (74).png,Light,train
2,train/Light/light (75).png,Light,train
2,train/Light/light (76).png,Light,train
2,train/Light/light (77).png,Light,train
2,train/Light/light (78).png,Light,train
2,train/Light/light (79).png,Light,train
2,train/Light/light (8).png,Light,train
2,train/Light/light (80).png,Light,train
2,train/Light/light (81).png,Light,train
2,train/Light/light (82).png,Light,train
2,train/Light/light (83).png,Light,train
2,train/Light/light (84).png,Light,train
2,train/Light/light (85).png,Light,train
2,train/Light/light (86).png,Light,train
2,train/Light/light (87).png,Light,train
2,train/Light/light (88).png,Light,train
2,train/Light/light (89).png,Light,train
2,train/Light/light (9).png,Light,train
2,train/Light/light (90).png,Light,train
2,train/Light/light (91).png,Light,train
2,train/Light/light (92).png,Light,train
2,train/Light/light (93).png,Light,train
2,train/Light/light (94).png,Light,train
2,train/Light/light (95).png,Light,train
2,train/Light/light (96).png,Light,train
2,train/Light/light (97).png,Light,train
2,train/Light/light (98).png,Light,train
2,train/Light/light (99).png,Light,train
3,train/Medium/medium (1).png,Medium,train
3,train/Medium/medium (10).png,Medium,train
3,train/Medium/medium (100).png,Medium,train
3,train/Medium/medium (101).png,Medium,train
3,train/Medium/medium (102).png,Medium,train
3,train/Medium/medium (103).png,Medium,train
3,train/Medium/medium (104).png,Medium,train
3,train/Medium/medium (105).png,Medium,train
3,train/Medium/medium (106).png,Medium,train
3,train/Medium/medium (107).png,Medium,train
3,train/Medium/medium (108).png,Medium,train
3,train/Medium/medium (109).png,Medium,train
3,train/Medium/medium (11).png,Medium,train
3,train/Medium/medium (110).png,Medium,train
3,train/Medium/medium (111).png,Medium,train
3,train/Medium/medium (112).png,Medium,train
3,train/Medium/medium (113).png,Medium,train
3,train/Medium/medium (114).png,Medium,train
3,train/Medium/medium (115).png,Medium,train
3,train/Medium/medium (116).png,Medium,train
3,train/Medium/medium (117).png,Medium,train
3,train/Medium/medium (118).png,Medium,train
3,train/Medium/medium (119).png,Medium,train
3,train/Medium/medium (12).png,Medium,train
3,train/Medium/medium (120).png,Medium,train
3,train/Medium/medium (121).png,Medium,train
3,train/Medium/medium (122).png,Medium,train
3,train/Medium/medium (123).png,Medium,train
3,train/Medium/medium (124).png,Medium,train
3,train/Medium/medium (125).png,Medium,train
3,train/Medium/medium (126).png,Medium,train
3,train/Medium/medium (127).png,Medium,train
3,train/Medium/medium (128).png,Medium,train
3,train/Medium/medium (129).png,Medium,train
3,train/Medium/medium (13).png,Medium,train
3,train/Medium/medium (130).png,Medium,train
3,train/Medium/medium (131).png,Medium,train
3,train/Medium/medium (132).png,Medium,train
3,train/Medium/medium (133).png,Medium,train
3,train/Medium/medium (134).png,Medium,train
3,train/Medium/medium (135).png,Medium,train
3,train/Medium/medium (136).png,Medium,train
3,train/Medium/medium (137).png,Medium,train
3,train/Medium/medium (138).png,Medium,train
3,train/Medium/medium (139).png,Medium,train
3,train/Medium/medium (14).png,Medium,train
3,train/Medium/medium (140).png,Medium,train
3,train/Medium/medium (141).png,Medium,train
3,train/Medium/medium (142).png,Medium,train
3,train/Medium/medium (143).png,Medium,train
3,train/Medium/medium (144).png,Medium,train
3,train/Medium/medium (145).png,Medium,train
3,train/Medium/medium (146).png,Medium,train
3,train/Medium/medium (147).png,Medium,train
3,train/Medium/medium (148).png,Medium,train
3,train/Medium/medium (149).png,Medium,train
3,train/Medium/medium (15).png,Medium,train
3,train/Medium/medium (150).png,Medium,train
3,train/Medium/medium (151).png,Medium,train
3,train/Medium/medium (152).png,Medium,train
3,train/Medium/medium (153).png,Medium,train
3,train/Medium/medium (154).png,Medium,train
3,train/Medium/medium (155).png,Medium,train
3,train/Medium/medium (156).png,Medium,train
3,train/Medium/medium (157).png,Medium,train
3,train/Medium/medium (158).png,Medium,train
3,train/Medium/medium (159).png,Medium,train
3,train/Medium/medium (16).png,Medium,train
3,train/Medium/medium (160).png,Medium,train
3,train/Medium/medium (161).png,Medium,train
3,train/Medium/medium (162).png,Medium,train
3,train/Medium/medium (163).png,Medium,train
3,train/Medium/medium (164).png,Medium,train
3,train/Medium/medium (165).png,Medium,train
3,train/Medium/medium (166).png,Medium,train
3,train/Medium/medium (167).png,Medium,train
3,train/Medium/medium (168).png,Medium,train
3,train/Medium/medium (169).png,Medium,train
3,train/Medium/medium (17).png,Medium,train
3,train/Medium/medium (170).png,Medium,train
3,train/Medium/medium (171).png,Medium,train
3,train/Medium/medium (172).png,Medium,train
3,train/Medium/medium (173).png,Medium,train
3,train/Medium/medium (174).png,Medium,train
3,train/Medium/medium (175).png,Medium,train
3,train/Medium/medium (176).png,Medium,train
3,train/Medium/medium (177).png,Medium,train
3,train/Medium/medium (178).png,Medium,train
3,train/Medium/medium (179).png,Medium,train
3,train/Medium/medium (18).png,Medium,train
3,train/Medium/medium (180).png,Medium,train
3,train/Medium/medium (181).png,Medium,train
3,train/Medium/medium (182).png,Medium,train
3,train/Medium/medium (183).png,Medium,train
3,train/Medium/medium (184).png,Medium,train
3,train/Medium/medium (185).png,Medium,train
3,train/Medium/medium (186).png,Medium,train
3,train/Medium/medium (187).png,Medium,train
3,train/Medium/medium (188).png,Medium,train
3,train/Medium/medium (189).png,Medium,train
3,train/Medium/medium (19).png,Medium,train
3,train/Medium/medium (190).png,Medium,train
3,train/Medium/medium (191).png,Medium,train
3,train/Medium/medium (192).png,Medium,train
3,train/Medium/medium (193).png,Medium,train
3,train/Medium/medium (194).png,Medium,train
3,train/Medium/medium (195).png,Medium,train
3,train/Medium/medium (196).png,Medium,train
3,train/Medium/medium (197).png,Medium,train
3,train/Medium/medium (198).png,Medium,train
3,train/Medium/medium (199).png,Medium,train
3,train/Medium/medium (2).png,Medium,train
3,train/Medium/medium (20).png,Medium,train
3,train/Medium/medium (200).png,Medium,train
3,train/Medium/medium (201).png,Medium,train
3,train/Medium/medium (202).png,Medium,train
3,train/Medium/medium (203).png,Medium,train
3,train/Medium/medium (204).png,Medium,train
3,train/Medium/medium (205).png,Medium,train
3,train/Medium/medium (206).png,Medium,train
3,train/Medium/medium (207).png,Medium,train
3,train/Medium/medium (208).png,Medium,train
3,train/Medium/medium (209).png,Medium,train
3,train/Medium/medium (21).png,Medium,train
3,train/Medium/medium (210).png,Medium,train
3,train/Medium/medium (211).png,Medium,train
3,train/Medium/medium (212).png,Medium,train
3,train/Medium/medium (213).png,Medium,train
3,train/Medium/medium (214).png,Medium,train
3,train/Medium/medium (215).png,Medium,train
3,train/Medium/medium (216).png,Medium,train
3,train/Medium/medium (217).png,Medium,train
3,train/Medium/medium (218).png,Medium,train
3,train/Medium/medium (219).png,Medium,train
3,train/Medium/medium (22).png,Medium,train
3,train/Medium/medium (220).png,Medium,train
3,train/Medium/medium (221).png,Medium,train
3,train/Medium/medium (222).png,Medium,train
3,train/Medium/medium (223).png,Medium,train
3,train/Medium/medium (224).png,Medium,train
3,train/Medium/medium (225).png,Medium,train
3,train/Medium/medium (226).png,Medium,train
3,train/Medium/medium (227).png,Medium,train
3,train/Medium/medium (228).png,Medium,train
3,train/Medium/medium (229).png,Medium,train
3,train/Medium/medium (23).png,Medium,train
3,train/Medium/medium (230).png,Medium,train
3,train/Medium/medium (231).png,Medium,train
3,train/Medium/medium (232).png,Medium,train
3,train/Medium/medium (233).png,Medium,train
3,train/Medium/medium (234).png,Medium,train
3,train/Medium/medium (235).png,Medium,train
3,train/Medium/medium (236).png,Medium,train
3,train/Medium/medium (237).png,Medium,train
3,train/Medium/medium (238).png,Medium,train
3,train/Medium/medium (239).png,Medium,train
3,train/Medium/medium (24).png,Medium,train
3,train/Medium/medium (240).png,Medium,train
3,train/Medium/medium (241).png,Medium,train
3,train/Medium/medium (242).png,Medium,train
3,train/Medium/medium (243).png,Medium,train
3,train/Medium/medium (244).png,Medium,train
3,train/Medium/medium (245).png,Medium,train
3,train/Medium/medium (246).png,Medium,train
3,train/Medium/medium (247).png,Medium,train
3,train/Medium/medium (248).png,Medium,train
3,train/Medium/medium (249).png,Medium,train
3,train/Medium/medium (25).png,Medium,train
3,train/Medium/medium (250).png,Medium,train
3,train/Medium/medium (251).png,Medium,train
3,train/Medium/medium (252).png,Medium,train
3,train/Medium/medium (253).png,Medium,train
3,train/Medium/medium (254).png,Medium,train
3,train/Medium/medium (255).png,Medium,train
3,train/Medium/medium (256).png,Medium,train
3,train/Medium/medium (257).png,Medium,train
3,train/Medium/medium (258).png,Medium,train
3,train/Medium/medium (259).png,Medium,train
3,train/Medium/medium (26).png,Medium,train
3,train/Medium/medium (260).png,Medium,train
3,train/Medium/medium (261).png,Medium,train
3,train/Medium/medium (262).png,Medium,train
3,train/Medium/medium (263).png,Medium,train
3,train/Medium/medium (264).png,Medium,train
3,train/Medium/medium (265).png,Medium,train
3,train/Medium/medium (266).png,Medium,train
3,train/Medium/medium (267).png,Medium,train
3,train/Medium/medium (268).png,Medium,train
3,train/Medium/medium (269).png,Medium,train
3,train/Medium/medium (27).png,Medium,train
3,train/Medium/medium (270).png,Medium,train
3,train/Medium/medium (271).png,Medium,train
3,train/Medium/medium (272).png,Medium,train
3,train/Medium/medium (273).png,Medium,train
3,train/Medium/medium (274).png,Medium,train
3,train/Medium/medium (275).png,Medium,train
3,train/Medium/medium (276).png,Medium,train
3,train/Medium/medium (277).png,Medium,train
3,train/Medium/medium (278).png,Medium,train
3,train/Medium/medium (279).png,Medium,train
3,train/Medium/medium (28).png,Medium,train
3,train/Medium/medium (280).png,Medium,train
3,train/Medium/medium (281).png,Medium,train
3,train/Medium/medium (282).png,Medium,train
3,train/Medium/medium (283).png,Medium,train
3,train/Medium/medium (284).png,Medium,train
3,train/Medium/medium (285).png,Medium,train
3,train/Medium/medium (286).png,Medium,train
3,train/Medium/medium (287).png,Medium,train
3,train/Medium/medium (288).png,Medium,train
3,train/Medium/medium (289).png,Medium,train
3,train/Medium/medium (29).png,Medium,train
3,train/Medium/medium (290).png,Medium,train
3,train/Medium/medium (291).png,Medium,train
3,train/Medium/medium (292).png,Medium,train
3,train/Medium/medium (293).png,Medium,train
3,train/Medium/medium (294).png,Medium,train
3,train/Medium/medium (295).png,Medium,train
3,train/Medium/medium (296).png,Medium,train
3,train/Medium/medium (297).png,Medium,train
3,train/Medium/medium (298).png,Medium,train
3,train/Medium/medium (299).png,Medium,train
3,train/Medium/medium (3).png,Medium,train
3,train/Medium/medium (30).png,Medium,train
3,train/Medium/medium (300).png,Medium,train
3,train/Medium/medium (31).png,Medium,train
3,train/Medium/medium (32).png,Medium,train
3,train/Medium/medium (33).png,Medium,train
3,train/Medium/medium (34).png,Medium,train
3,train/Medium/medium (35).png,Medium,train
3,train/Medium/medium (36).png,Medium,train
3,train/Medium/medium (37).png,Medium,train
3,train/Medium/medium (38).png,Medium,train
3,train/Medium/medium (39).png,Medium,train
3,train/Medium/medium (4).png,Medium,train
3,train/Medium/medium (40).png,Medium,train
3,train/Medium/medium (41).png,Medium,train
3,train/Medium/medium (42).png,Medium,train
3,train/Medium/medium (43).png,Medium,train
3,train/Medium/medium (44).png,Medium,train
3,train/Medium/medium (45).png,Medium,train
3,train/Medium/medium (46).png,Medium,train
3,train/Medium/medium (47).png,Medium,train
3,train/Medium/medium (48).png,Medium,train
3,train/Medium/medium (49).png,Medium,train
3,train/Medium/medium (5).png,Medium,train
3,train/Medium/medium (50).png,Medium,train
3,train/Medium/medium (51).png,Medium,train
3,train/Medium/medium (52).png,Medium,train
3,train/Medium/medium (53).png,Medium,train
3,train/Medium/medium (54).png,Medium,train
3,train/Medium/medium (55).png,Medium,train
3,train/Medium/medium (56).png,Medium,train
3,train/Medium/medium (57).png,Medium,train
3,train/Medium/medium (58).png,Medium,train
3,train/Medium/medium (59).png,Medium,train
3,train/Medium/medium (6).png,Medium,train
3,train/Medium/medium (60).png,Medium,train
3,train/Medium/medium (61).png,Medium,train
3,train/Medium/medium (62).png,Medium,train
3,train/Medium/medium (63).png,Medium,train
3,train/Medium/medium (64).png,Medium,train
3,train/Medium/medium (65).png,Medium,train
3,train/Medium/medium (66).png,Medium,train
3,train/Medium/medium (67).png,Medium,train
3,train/Medium/medium (68).png,Medium,train
3,train/Medium/medium (69).png,Medium,train
3,train/Medium/medium (7).png,Medium,train
3,train/Medium/medium (70).png,Medium,train
3,train/Medium/medium (71).png,Medium,train
3,train/Medium/medium (72).png,Medium,train
3,train/Medium/medium (73).png,Medium,train
3,train/Medium/medium (74).png,Medium,train
3,train/Medium/medium (75).png,Medium,train
3,train/Medium/medium (76).png,Medium,train
3,train/Medium/medium (77).png,Medium,train
3,train/Medium/medium (78).png,Medium,train
3,train/Medium/medium (79).png,Medium,train
3,train/Medium/medium (8).png,Medium,train
3,train/Medium/medium (80).png,Medium,train
3,train/Medium/medium (81).png,Medium,train
3,train/Medium/medium (82).png,Medium,train
3,train/Medium/medium (83).png,Medium,train
3,train/Medium/medium (84).png,Medium,train
3,train/Medium/medium (85).png,Medium,train
3,train/Medium/medium (86).png,Medium,train
3,train/Medium/medium (87).png,Medium,train
3,train/Medium/medium (88).png,Medium,train
3,train/Medium/medium (89).png,Medium,train
3,train/Medium/medium (9).png,Medium,train
3,train/Medium/medium (90).png,Medium,train
3,train/Medium/medium (91).png,Medium,train
3,train/Medium/medium (92).png,Medium,train
3,train/Medium/medium (93).png,Medium,train
3,train/Medium/medium (94).png,Medium,train
3,train/Medium/medium (95).png,Medium,train
3,train/Medium/medium (96).png,Medium,train
3,train/Medium/medium (97).png,Medium,train
3,train/Medium/medium (98).png,Medium,train
3,train/Medium/medium (99).png,Medium,train
0,test/Dark/dark (1).png,Dark,test
0,test/Dark/dark (10).png,Dark,test
0,test/Dark/dark (100).png,Dark,test
0,test/Dark/dark (11).png,Dark,test
0,test/Dark/dark (12).png,Dark,test
0,test/Dark/dark (13).png,Dark,test
0,test/Dark/dark (14).png,Dark,test
0,test/Dark/dark (15).png,Dark,test
0,test/Dark/dark (16).png,Dark,test
0,test/Dark/dark (17).png,Dark,test
0,test/Dark/dark (18).png,Dark,test
0,test/Dark/dark (19).png,Dark,test
0,test/Dark/dark (2).png,Dark,test
0,test/Dark/dark (20).png,Dark,test
0,test/Dark/dark (21).png,Dark,test
0,test/Dark/dark (22).png,Dark,test
0,test/Dark/dark (23).png,Dark,test
0,test/Dark/dark (24).png,Dark,test
0,test/Dark/dark (25).png,Dark,test
0,test/Dark/dark (26).png,Dark,test
0,test/Dark/dark (27).png,Dark,test
0,test/Dark/dark (28).png,Dark,test
0,test/Dark/dark (29).png,Dark,test
0,test/Dark/dark (3).png,Dark,test
0,test/Dark/dark (30).png,Dark,test
0,test/Dark/dark (31).png,Dark,test
0,test/Dark/dark (32).png,Dark,test
0,test/Dark/dark (33).png,Dark,test
0,test/Dark/dark (34).png,Dark,test
0,test/Dark/dark (35).png,Dark,test
0,test/Dark/dark (36).png,Dark,test
0,test/Dark/dark (37).png,Dark,test
0,test/Dark/dark (38).png,Dark,test
0,test/Dark/dark (39).png,Dark,test
0,test/Dark/dark (4).png,Dark,test
0,test/Dark/dark (40).png,Dark,test
0,test/Dark/dark (41).png,Dark,test
0,test/Dark/dark (42).png,Dark,test
0,test/Dark/dark (43).png,Dark,test
0,test/Dark/dark (44).png,Dark,test
0,test/Dark/dark (45).png,Dark,test
0,test/Dark/dark (46).png,Dark,test
0,test/Dark/dark (47).png,Dark,test
0,test/Dark/dark (48).png,Dark,test
0,test/Dark/dark (49).png,Dark,test
0,test/Dark/dark (5).png,Dark,test
0,test/Dark/dark (50).png,Dark,test
0,test/Dark/dark (51).png,Dark,test
0,test/Dark/dark (52).png,Dark,test
0,test/Dark/dark (53).png,Dark,test
0,test/Dark/dark (54).png,Dark,test
0,test/Dark/dark (55).png,Dark,test
0,test/Dark/dark (56).png,Dark,test
0,test/Dark/dark (57).png,Dark,test
0,test/Dark/dark (58).png,Dark,test
0,test/Dark/dark (59).png,Dark,test
0,test/Dark/dark (6).png,Dark,test
0,test/Dark/dark (60).png,Dark,test
0,test/Dark/dark (61).png,Dark,test
0,test/Dark/dark (62).png,Dark,test
0,test/Dark/dark (63).png,Dark,test
0,test/Dark/dark (64).png,Dark,test
0,test/Dark/dark (65).png,Dark,test
0,test/Dark/dark (66).png,Dark,test
0,test/Dark/dark (67).png,Dark,test
0,test/Dark/dark (68).png,Dark,test
0,test/Dark/dark (69).png,Dark,test
0,test/Dark/dark (7).png,Dark,test
0,test/Dark/dark (70).png,Dark,test
0,test/Dark/dark (71).png,Dark,test
0,test/Dark/dark (72).png,Dark,test
0,test/Dark/dark (73).png,Dark,test
0,test/Dark/dark (74).png,Dark,test
0,test/Dark/dark (75).png,Dark,test
0,test/Dark/dark (76).png,Dark,test
0,test/Dark/dark (77).png,Dark,test
0,test/Dark/dark (78).png,Dark,test
0,test/Dark/dark (79).png,Dark,test
0,test/Dark/dark (8).png,Dark,test
0,test/Dark/dark (80).png,Dark,test
0,test/Dark/dark (81).png,Dark,test
0,test/Dark/dark (82).png,Dark,test
0,test/Dark/dark (83).png,Dark,test
0,test/Dark/dark (84).png,Dark,test
0,test/Dark/dark (85).png,Dark,test
0,test/Dark/dark (86).png,Dark,test
0,test/Dark/dark (87).png,Dark,test
0,test/Dark/dark (88).png,Dark,test
0,test/Dark/dark (89).png,Dark,test
0,test/Dark/dark (9).png,Dark,test
0,test/Dark/dark (90).png,Dark,test
0,test/Dark/dark (91).png,Dark,test
0,test/Dark/dark (92).png,Dark,test
0,test/Dark/dark (93).png,Dark,test
0,test/Dark/dark (94).png,Dark,test
0,test/Dark/dark (95).png,Dark,test
0,test/Dark/dark (96).png,Dark,test
0,test/Dark/dark (97).png,Dark,test
0,test/Dark/dark (98).png,Dark,test
0,test/Dark/dark (99).png,Dark,test
1,test/Green/green (1).png,Green,test
1,test/Green/green (10).png,Green,test
1,test/Green/green (100).png,Green,test
1,test/Green/green (11).png,Green,test
1,test/Green/green (12).png,Green,test
1,test/Green/green (13).png,Green,test
1,test/Green/green (14).png,Green,test
1,test/Green/green (15).png,Green,test
1,test/Green/green (16).png,Green,test
1,test/Green/green (17).png,Green,test
1,test/Green/green (18).png,Green,test
1,test/Green/green (19).png,Green,test
1,test/Green/green (2).png,Green,test
1,test/Green/green (20).png,Green,test
1,test/Green/green (21).png,Green,test
1,test/Green/green (22).png,Green,test
1,test/Green/green (23).png,Green,test
1,test/Green/green (24).png,Green,test
1,test/Green/green (25).png,Green,test
1,test/Green/green (26).png,Green,test
1,test/Green/green (27).png,Green,test
1,test/Green/green (28).png,Green,test
1,test/Green/green (29).png,Green,test
1,test/Green/green (3).png,Green,test
1,test/Green/green (30).png,Green,test
1,test/Green/green (31).png,Green,test
1,test/Green/green (32).png,Green,test
1,test/Green/green (33).png,Green,test
1,test/Green/green (34).png,Green,test
1,test/Green/green (35).png,Green,test
1,test/Green/green (36).png,Green,test
1,test/Green/green (37).png,Green,test
1,test/Green/green (38).png,Green,test
1,test/Green/green (39).png,Green,test
1,test/Green/green (4).png,Green,test
1,test/Green/green (40).png,Green,test
1,test/Green/green (41).png,Green,test
1,test/Green/green (42).png,Green,test
1,test/Green/green (43).png,Green,test
1,test/Green/green (44).png,Green,test
1,test/Green/green (45).png,Green,test
1,test/Green/green (46).png,Green,test
1,test/Green/green (47).png,Green,test
1,test/Green/green (48).png,Green,test
1,test/Green/green (49).png,Green,test
1,test/Green/green (5).png,Green,test
1,test/Green/green (50).png,Green,test
1,test/Green/green (51).png,Green,test
1,test/Green/green (52).png,Green,test
1,test/Green/green (53).png,Green,test
1,test/Green/green (54).png,Green,test
1,test/Green/green (55).png,Green,test
1,test/Green/green (56).png,Green,test
1,test/Green/green (57).png,Green,test
1,test/Green/green (58).png,Green,test
1,test/Green/green (59).png,Green,test
1,test/Green/green (6).png,Green,test
1,test/Green/green (60).png,Green,test
1,test/Green/green (61).png,Green,test
1,test/Green/green (62).png,Green,test
1,test/Green/green (63).png,Green,test
1,test/Green/green (64).png,Green,test
1,test/Green/green (65).png,Green,test
1,test/Green/green (66).png,Green,test
1,test/Green/green (67).png,Green,test
1,test/Green/green (68).png,Green,test
1,test/Green/green (69).png,Green,test
1,test/Green/green (7).png,Green,test
1,test/Green/green (70).png,Green,test
1,test/Green/green (71).png,Green,test
1,test/Green/green (72).png,Green,test
1,test/Green/green (73).png,Green,test
1,test/Green/green (74).png,Green,test
1,test/Green/green (75).png,Green,test
1,test/Green/green (76).png,Green,test
1,test/Green/green (77).png,Green,test
1,test/Green/green (78).png,Green,test
1,test/Green/green (79).png,Green,test
1,test/Green/green (8).png,Green,test
1,test/Green/green (80).png,Green,test
1,test/Green/green (81).png,Green,test
1,test/Green/green (82).png,Green,test
1,test/Green/green (83).png,Green,test
1,test/Green/green (84).png,Green,test
1,test/Green/green (85).png,Green,test
1,test/Green/green (86).png,Green,test
1,test/Green/green (87).png,Green,test
1,test/Green/green (88).png,Green,test
1,test/Green/green (89).png,Green,test
1,test/Green/green (9).png,Green,test
1,test/Green/green (90).png,Green,test
1,test/Green/green (91).png,Green,test
1,test/Green/green (92).png,Green,test
1,test/Green/green (93).png,Green,test
1,test/Green/green (94).png,Green,test
1,test/Green/green (95).png,Green,test
1,test/Green/green (96).png,Green,test
1,test/Green/green (97).png,Green,test
1,test/Green/green (98).png,Green,test
1,test/Green/green (99).png,Green,test
2,test/Light/light (1).png,Light,test
2,test/Light/light (10).png,Light,test
2,test/Light/light (100).png,Light,test
2,test/Light/light (11).png,Light,test
2,test/Light/light (12).png,Light,test
2,test/Light/light (13).png,Light,test
2,test/Light/light (14).png,Light,test
2,test/Light/light (15).png,Light,test
2,test/Light/light (16).png,Light,test
2,test/Light/light (17).png,Light,test
2,test/Light/light (18).png,Light,test
2,test/Light/light (19).png,Light,test
2,test/Light/light (2).png,Light,test
2,test/Light/light (20).png,Light,test
2,test/Light/light (21).png,Light,test
2,test/Light/light (22).png,Light,test
2,test/Light/light (23).png,Light,test
2,test/Light/light (24).png,Light,test
2,test/Light/light (25).png,Light,test
2,test/Light/light (26).png,Light,test
2,test/Light/light (27).png,Light,test
2,test/Light/light (28).png,Light,test
2,test/Light/light (29).png,Light,test
2,test/Light/light (3).png,Light,test
2,test/Light/light (30).png,Light,test
2,test/Light/light (31).png,Light,test
2,test/Light/light (32).png,Light,test
2,test/Light/light (33).png,Light,test
2,test/Light/light (34).png,Light,test
2,test/Light/light (35).png,Light,test
2,test/Light/light (36).png,Light,test
2,test/Light/light (37).png,Light,test
2,test/Light/light (38).png,Light,test
2,test/Light/light (39).png,Light,test
2,test/Light/light (4).png,Light,test
2,test/Light/light (40).png,Light,test
2,test/Light/light (41).png,Light,test
2,test/Light/light (42).png,Light,test
2,test/Light/light (43).png,Light,test
2,test/Light/light (44).png,Light,test
2,test/Light/light (45).png,Light,test
2,test/Light/light (46).png,Light,test
2,test/Light/light (47).png,Light,test
2,test/Light/light (48).png,Light,test
2,test/Light/light (49).png,Light,test
2,test/Light/light (5).png,Light,test
2,test/Light/light (50).png,Light,test
2,test/Light/light (51).png,Light,test
2,test/Light/light (52).png,Light,test
2,test/Light/light (53).png,Light,test
2,test/Light/light (54).png,Light,test
2,test/Light/light (55).png,Light,test
2,test/Light/light (56).png,Light,test
2,test/Light/light (57).png,Light,test
2,test/Light/light (58).png,Light,test
2,test/Light/light (59).png,Light,test
2,test/Light/light (6).png,Light,test
2,test/Light/light (60).png,Light,test
2,test/Light/light (61).png,Light,test
2,test/Light/light (62).png,Light,test
2,test/Light/light (63).png,Light,test
2,test/Light/light (64).png,Light,test
2,test/Light/light (65).png,Light,test
2,test/Light/light (66).png,Light,test
2,test/Light/light (67).png,Light,test
2,test/Light/light (68).png,Light,test
2,test/Light/light (69).png,Light,test
2,test/Light/light (7).png,Light,test
2,test/Light/light (70).png,Light,test
2,test/Light/light (71).png,Light,test
2,test/Light/light (72).png,Light,test
2,test/Light/light (73).png,Light,test
2,test/Light/light (74).png,Light,test
2,test/Light/light (75).png,Light,test
2,test/Light/light (76).png,Light,test
2,test/Light/light (77).png,Light,test
2,test/Light/light (78).png,Light,test
2,test/Light/light (79).png,Light,test
2,test/Light/light (8).png,Light,test
2,test/Light/light (80).png,Light,test
2,test/Light/light (81).png,Light,test
2,test/Light/light (82).png,Light,test
2,test/Light/light (83).png,Light,test
2,test/Light/light (84).png,Light,test
2,test/Light/light (85).png,Light,test
2,test/Light/light (86).png,Light,test
2,test/Light/light (87).png,Light,test
2,test/Light/light (88).png,Light,test
2,test/Light/light (89).png,Light,test
2,test/Light/light (9).png,Light,test
2,test/Light/light (90).png,Light,test
2,test/Light/light (91).png,Light,test
2,test/Light/light (92).png,Light,test
2,test/Light/light (93).png,Light,test
2,test/Light/light (94).png,Light,test
2,test/Light/light (95).png,Light,test
2,test/Light/light (96).png,Light,test
2,test/Light/light (97).png,Light,test
2,test/Light/light (98).png,Light,test
2,test/Light/light (99).png,Light,test
3,test/Medium/medium (1).png,Medium,test
3,test/Medium/medium (10).png,Medium,test
3,test/Medium/medium (100).png,Medium,test
3,test/Medium/medium (11).png,Medium,test
3,test/Medium/medium (12).png,Medium,test
3,test/Medium/medium (13).png,Medium,test
3,test/Medium/medium (14).png,Medium,test
3,test/Medium/medium (15).png,Medium,test
3,test/Medium/medium (16).png,Medium,test
3,test/Medium/medium (17).png,Medium,test
3,test/Medium/medium (18).png,Medium,test
3,test/Medium/medium (19).png,Medium,test
3,test/Medium/medium (2).png,Medium,test
3,test/Medium/medium (20).png,Medium,test
3,test/Medium/medium (21).png,Medium,test
3,test/Medium/medium (22).png,Medium,test
3,test/Medium/medium (23).png,Medium,test
3,test/Medium/medium (24).png,Medium,test
3,test/Medium/medium (25).png,Medium,test
3,test/Medium/medium (26).png,Medium,test
3,test/Medium/medium (27).png,Medium,test
3,test/Medium/medium (28).png,Medium,test
3,test/Medium/medium (29).png,Medium,test
3,test/Medium/medium (3).png,Medium,test
3,test/Medium/medium (30).png,Medium,test
3,test/Medium/medium (31).png,Medium,test
3,test/Medium/medium (32).png,Medium,test
3,test/Medium/medium (33).png,Medium,test
3,test/Medium/medium (34).png,Medium,test
3,test/Medium/medium (35).png,Medium,test
3,test/Medium/medium (36).png,Medium,test
3,test/Medium/medium (37).png,Medium,test
3,test/Medium/medium (38).png,Medium,test
3,test/Medium/medium (39).png,Medium,test
3,test/Medium/medium (4).png,Medium,test
3,test/Medium/medium (40).png,Medium,test
3,test/Medium/medium (41).png,Medium,test
3,test/Medium/medium (42).png,Medium,test
3,test/Medium/medium (43).png,Medium,test
3,test/Medium/medium (44).png,Medium,test
3,test/Medium/medium (45).png,Medium,test
3,test/Medium/medium (46).png,Medium,test
3,test/Medium/medium (47).png,Medium,test
3,test/Medium/medium (48).png,Medium,test
3,test/Medium/medium (49).png,Medium,test
3,test/Medium/medium (5).png,Medium,test
3,test/Medium/medium (50).png,Medium,test
3,test/Medium/medium (51).png,Medium,test
3,test/Medium/medium (52).png,Medium,test
3,test/Medium/medium (53).png,Medium,test
3,test/Medium/medium (54).png,Medium,test
3,test/Medium/medium (55).png,Medium,test
3,test/Medium/medium (56).png,Medium,test
3,test/Medium/medium (57).png,Medium,test
3,test/Medium/medium (58).png,Medium,test
3,test/Medium/medium (59).png,Medium,test
3,test/Medium/medium (6).png,Medium,test
3,test/Medium/medium (60).png,Medium,test
3,test/Medium/medium (61).png,Medium,test
3,test/Medium/medium (62).png,Medium,test
3,test/Medium/medium (63).png,Medium,test
3,test/Medium/medium (64).png,Medium,test
3,test/Medium/medium (65).png,Medium,test
3,test/Medium/medium (66).png,Medium,test
3,test/Medium/medium (67).png,Medium,test
3,test/Medium/medium (68).png,Medium,test
3,test/Medium/medium (69).png,Medium,test
3,test/Medium/medium (7).png,Medium,test
3,test/Medium/medium (70).png,Medium,test
3,test/Medium/medium (71).png,Medium,test
3,test/Medium/medium (72).png,Medium,test
3,test/Medium/medium (73).png,Medium,test
3,test/Medium/medium (74).png,Medium,test
3,test/Medium/medium (75).png,Medium,test
3,test/Medium/medium (76).png,Medium,test
3,test/Medium/medium (77).png,Medium,test
3,test/Medium/medium (78).png,Medium,test
3,test/Medium/medium (79).png,Medium,test
3,test/Medium/medium (8).png,Medium,test
3,test/Medium/medium (80).png,Medium,test
3,test/Medium/medium (81).png,Medium,test
3,test/Medium/medium (82).png,Medium,test
3,test/Medium/medium (83).png,Medium,test
3,test/Medium/medium (84).png,Medium,test
3,test/Medium/medium (85).png,Medium,test
3,test/Medium/medium (86).png,Medium,test
3,test/Medium/medium (87).png,Medium,test
3,test/Medium/medium (88).png,Medium,test
3,test/Medium/medium (89).png,Medium,test
3,test/Medium/medium (9).png,Medium,test
3,test/Medium/medium (90).png,Medium,test
3,test/Medium/medium (91).png,Medium,test
3,test/Medium/medium (92).png,Medium,test
3,test/Medium/medium (93).png,Medium,test
3,test/Medium/medium (94).png,Medium,test
3,test/Medium/medium (95).png,Medium,test
3,test/Medium/medium (96).png,Medium,test
3,test/Medium/medium (97).png,Medium,test
3,test/Medium/medium (98).png,Medium,test
3,test/Medium/medium (99).png,Medium,test
